{
    "mse": 18.641470856435692,
    "rmse": 4.317576965895998,
    "mae": 3.509966752372807,
    "r2": 0.9048060592256151,
    "coefficients": [
        [
            -0.1361485723198098,
            0.9405861065476878,
            -0.5878952171315636
        ]
    ],
    "intercept": 18.731552216244793
}