{
    "mse": 18.587267739168343,
    "rmse": 4.311295366727771,
    "mae": 3.4703653562477856,
    "r2": 0.9029388479349132
}