{
    "mse": 7.0100476672882595,
    "rmse": 2.6476494608025924,
    "mae": 2.0457006781632283,
    "r2": 0.9642027140666815,
    "max_depth": 10,
    "min_samples_split": 5
}