{
    "mse": 18.408006768563077,
    "rmse": 4.290455310169665,
    "mae": 3.300131313763446,
    "r2": 0.90387493367766
}