{
    "mse": 10.076177615398363,
    "rmse": 3.174299547206968,
    "mae": 2.431715558996564,
    "r2": 0.9480864318554336
}