{
    "mse": 7.067707581112394,
    "rmse": 2.658516048684377,
    "mae": 2.107337294806757,
    "r2": 0.9639082697889791,
    "iterations": 1000,
    "learning_rate": 0.05,
    "depth": 8
}