{
    "mse": 14.58509366174635,
    "rmse": 3.819043553266492,
    "mae": 2.917874418424613,
    "r2": 0.9238378650562422
}