Feature,Importance
pretest,76.76492222941317
n_student,16.286708703317185
lunch_encoded,6.948369067269641
