{
    "mse": 11.038529396057129,
    "rmse": 3.322428237909305,
    "mae": 2.4734182357788086,
    "r2": 0.9431282877922058
}