{
    "mse": 17.754261016845703,
    "rmse": 4.213580545906972,
    "mae": 3.2717444896698,
    "r2": 0.9072887301445007
}