{
    "mse": 6.557612419128418,
    "rmse": 2.560783555697048,
    "mae": 1.94075345993042,
    "r2": 0.9665130972862244,
    "num_rounds": 800,
    "eta": 0.08,
    "max_depth": 7,
    "subsample": 0.9,
    "colsample_bytree": 0.8
}