{
    "mse": 18.0987491607666,
    "rmse": 4.254262469661057,
    "mae": 3.385481595993042,
    "r2": 0.9075775146484375,
    "learning_rate": 0.001,
    "epochs": 200,
    "batch_size": 32,
    "dropout_rate1": 0.3,
    "dropout_rate2": 0.2,
    "patience": 20
}