{
    "mse": 18.699928283691406,
    "rmse": 4.324341369930385,
    "mae": 3.4341256618499756,
    "r2": 0.9036559462547302
}