{
    "mse": 19.600940704345703,
    "rmse": 4.427294964687321,
    "mae": 3.5070295333862305,
    "r2": 0.8976455330848694
}