{
    "mse": 10.58536359911747,
    "rmse": 3.253515575361131,
    "mae": 2.5274835947293193,
    "r2": 0.9454630500262304
}