{
    "mse": 8.05052872066249,
    "rmse": 2.837345365066172,
    "mae": 2.2699282239778236,
    "r2": 0.9588894266906705,
    "iterations": 500,
    "learning_rate": 0.1,
    "depth": 6
}