Feature,Importance
pretest,78.78193786850088
n_student,15.438523677738571
lunch_encoded,5.779538453760566
