{
    "mse": 14.384423429547482,
    "rmse": 3.7926802435147997,
    "mae": 2.9134922738153146,
    "r2": 0.9248857481661059
}