{
    "mse": 11.571529283423443,
    "rmse": 3.401695060322639,
    "mae": 2.5477258418056543,
    "r2": 0.9403822166578493
}