{
    "mse": 18.619778681480916,
    "rmse": 4.315064157284445,
    "mae": 3.494118209770354,
    "r2": 0.9040688655645945
}