,r2,mae,mse,rmse
linear_reg,0.9029388479349132,3.4703653562477856,18.587267739168343,4.311295366727771
decision_tree,0.90387493367766,3.300131313763446,18.408006768563077,4.290455310169665
catboost,0.9238378650562422,2.917874418424613,14.58509366174635,3.819043553266492
xgboost,0.9072887301445007,3.2717444896698,17.754261016845703,4.213580545906972
nn,0.8976455330848694,3.5070295333862305,19.600940704345703,4.427294964687321
