{
    "mse": 20.21687889099121,
    "rmse": 4.496318370733017,
    "mae": 3.5819919109344482,
    "r2": 0.8958404064178467
}