{
    "mse": 19.721113204956055,
    "rmse": 4.440846001040349,
    "mae": 3.54111909866333,
    "r2": 0.8992927670478821
}