{
    "mse": 20.80555534362793,
    "rmse": 4.561310704570335,
    "mae": 3.609551191329956,
    "r2": 0.8913551568984985
}