{
    "mse": 6.5545878410339355,
    "rmse": 2.560192930431989,
    "mae": 1.8567461967468262,
    "r2": 0.9657725095748901
}