{
    "mse": 6.5545878410339355,
    "rmse": 2.560192930431989,
    "mae": 1.8567461967468262,
    "r2": 0.9657725095748901,
    "num_rounds": 500,
    "eta": 0.1,
    "max_depth": 6,
    "subsample": 0.8,
    "colsample_bytree": 0.8
}