{
    "mse": 13.409815788269043,
    "rmse": 3.6619415326120435,
    "mae": 2.7515857219696045,
    "r2": 0.9309111833572388
}